<?xml version="1.0" encoding="UTF-8"?>
<!-- For current Unix time at UTC, use this command: date -u +%s -->
<blogs>
	<blog xmlns:xsi="http://www.w3.org/2001/XMLSchema-instance" xsi:noNamespaceSchemaLocation="blog.xsd">
		<time>1212835224</time>
		<title>1984</title>
		<text><![CDATA[
			<h2>blog!!!!!!!!!</h2>]]>
		</text>
	</blog>
    <blog xmlns:xsi="http://www.w3.org/2001/XMLSchema-instance" xsi:noNamespaceSchemaLocation="blog.xsd">
	    <time>1204558980</time>
	    <title>The first one, the pure one, the unlearned</title>
		<text><![CDATA[
			<p>Ya Ya Yippy Yippy Ya Ya Ya</p>]]></text>
	</blog>
</blogs>

